id,phone
1,+444316890158;+33441999413
2,+61950319558;+61133794074
3,+812831985603;+33347183297;+446854674104
4,+61650135286;+912207151773
5,+33010545792;+915639983771
6,+33440430255;+18457210525
7,+919229384010;+443598354092
8,33718889528
9,4.49621E+11
10,+495755031862;+12987875637;+12428416337
11,33536489895
12,5.59529E+12
13,+61622751150;+61732559721;+446226358992;+33453307123
14,+17925004285;+61982084651;+445555751824;+5540590452332
15,4.93044E+11
16,+911709142768;+911689911903;+816277368066;+33642660136
17,+33060178437;+441688929060
18,+817058257409;+814777053549
19,+5531564559394;+13968301322
20,61891062697
21,+814286031760;+498400898676;+910091372738;+61269520474
22,15773864777
23,+33608058281;+446240511735;+33698131759
24,4.4701E+11
25,+18087578116;+18093112479;+493497348974
26,8.15942E+11
27,+815432439720;+814352231077;+61259664128;+449823153549
28,+810631774808;+19259703887;+918762003463;+910870606472
29,5.57902E+12
30,61110988278
31,+12519259855;+815630290510;+5591776119380;+19583958504
32,+5592157287501;+33497359405;+442731576519
33,5.53187E+12
34,+5567748201627;+440920577724;+815378261545;+818469237390
35,33705459252
36,+17171144363;+33754199771;+914458495677
37,+812139074977;+18684342052;+914441305049
38,+33168759919;+61397749345;+5573870839262;+61625598405;+33513888695
39,+18928316013;+5555669562902;+33768096656
40,+5547379003269;+5539848206551
41,+447949045852;+33572548095
42,+818600620695;+493763617196;+813225919373;+811494327248;+911177357151
43,+33985717303;+61765941161;+61195603879;+916575774987;+811526112136
44,10024813478
45,+914693525012;+5560378698836;+912292187100;+444213232776
46,+33735706132;+492492373495;+911851958730;+814341210310
47,+813475678745;+499550110965;+813077177286;+61054453342;+5596537684939
48,+61310735818;+447805820759
49,4.95837E+11
50,8.15308E+11
51,+446717817540;+447563553938;+912428014658;+494720975040;+12075428699
52,+5507115200993;+444081165774
53,+33851391511;+33636033205;+33243172715;+61237457194
54,+61136863044;+5533923631250
55,+11793155263;+442669857339;+33111100990;+33501125231;+490732878307
56,+5510703835781;+443100578717;+817100540996;+5551489791160
57,+5519272464357;+18986889471
58,+61981819129;+61076145129;+11559643807;+815574789596
59,+448888949701;+13121484557
60,+14135445996;+440268933972;+13966263633
61,+814264083842;+16688478467;+33617440830
62,+443210314544;+499199793290
63,+11724844706;+5582185505713;+818648638101
64,16065381184
65,+915107265004;+61871274400;+812485280832;+61744026168
66,+5549636980950;+18202765339;+16953515110;+33665754260;+5568042473505
67,+17941144664;+33443242504;+918389440945;+496338663432;+819806670203
68,4.4087E+11
69,+5553224675183;+817173411116
70,+493041114488;+448572397167
71,8.1934E+11
72,61963920967
73,61710094918
74,+33881854465;+5559692076625;+497848797026;+495138162929;+61726050287
75,+491685914509;+919966606905
76,33273636583
77,+817130021631;+61278497631;+919760229845;+16984634828;+495566359639
78,+910094422410;+491868317262;+917145417960
79,+33907214864;+33281826994;+5533732931712
80,+5562757080725;+11390214470;+61913114118;+815063787868
81,18430329215
82,+442922637848;+495628554163;+5537177890056;+33396746502
83,+816286835898;+5504777012098;+445237869058;+13654168620;+443358472706
84,33776251267
85,+5502185818246;+918010421207
86,8.11744E+11
87,+5566466402787;+12829849747
88,17786147455
89,+61835237826;+61503564145;+61528724714;+10607546903
90,+33458532107;+61416561345
91,+917108013359;+5548315223775;+33251419660;+61458244977
92,+5521670375577;+817855025353;+16100502387;+10104785333
93,18111816107
94,+441305330276;+494334518323;+445917736480;+910089632199
95,+914644937143;+493926120320;+816135707225;+5565872168096;+913587168370
96,+816891547478;+5501359007783;+811090919980
97,+33357295044;+61960256935;+817899468053;+442781099423
98,61309934243
99,+491918877252;+33161759156;+10092260151
100,+15300533605;+17770539932;+5507783113544;+5596372287465
101,+499482760876;+5501204312280
102,+61064043449;+61528100490;+816879568101;+919546051613
103,+5502765265765;+5557807488470;+33271999449;+33238817590;+491439631774
104,16742934472
105,+61490369702;+5599908053502
106,33414278645
107,+12541628994;+11269290681;+12687486595;+61300599542;+61170358596
108,+5579627863686;+913606537883;+444483771122
109,+913808923270;+61225095507;+916968286361;+33689644467;+493775175807
110,8.10141E+11
111,+5575689492404;+15133303974
112,+33154006639;+5514595342759;+446553451555
113,+61259845917;+61901222370;+814311867975;+61113473317;+913544144034
114,+448486068175;+15726714648;+14588186970
115,15175834097
116,+61800808870;+440802498327
117,+440996463035;+813781127588
118,33468701432
119,+819714181782;+441829337451;+818536070717;+17876798015
120,+33109309904;+33117610691;+33683959534;+911850016177
121,+5598092230135;+19593541346
122,+919452446582;+813070296455;+5516769142514;+490594478475;+33762636041
123,+494053246368;+18279203953;+5547394878337;+916348113897;+494473200215
124,+61465169839;+5543169598356;+818720274218
125,+440938678474;+812705649611;+61413921981;+447865551810;+449877632613
126,+918566558829;+912650466495;+61748407720;+61208700954
127,+440361816415;+17421733679;+33856419170;+912833088108
128,16804370742
129,4.90378E+11
130,+495294281649;+13006939009;+33936512593
131,+33600318911;+19665926902
132,15488016376
133,+442626552222;+5564666367026;+496054824445;+33771709501
134,5.54411E+12
135,4.92918E+11
136,9.18054E+11
137,+919053252263;+819058710589
138,+810998896155;+33953286417;+498276043734;+5551326609157;+33463825868
139,+916655842369;+5575498146392;+492610865923
140,+817748234238;+491784872718;+495139349122;+33188122976;+813622183687
141,+33128224262;+497820439874;+919147152716;+446379853833
142,+910953656734;+811538891612;+33886155860;+914338488265;+819571440152
143,+33192049875;+61187058970
144,+912962314679;+818375140011;+448530771649
145,+916496378369;+61152128715;+910961327731;+498651212658
146,17380329300
147,+10210836833;+810082682876
148,+810381182726;+61305541152;+10479416975;+813906956075
149,+5545799193368;+5528084552290
150,61754740504
151,8.18868E+11
152,+492965030471;+811962554890;+33801286501;+819647792372;+5594031899319
153,+33452669277;+5582341924302;+5599959132230;+61906120780
154,4.47701E+11
155,+814898023546;+497609258865;+14619456227
156,+815192307618;+16984200674;+445102221066;+814595979420
157,19118022446
158,+913870148694;+18607185436;+915840752277;+61889813226;+493465474594
159,4.48708E+11
160,+817635604497;+816886737430;+5524592749583
161,+33397200660;+912677488457;+493683011482;+5548807649299
162,+5574199578686;+491123055457;+61464486988
163,4.40797E+11
164,+18143808842;+917552333016
165,+811037709229;+912578432956;+17839913591
166,+444715410165;+810410120793;+445840553047;+5523689849676
167,+33984098368;+492413989637;+5512839019614;+817312455880
168,+5514644914861;+10530114989;+10050229754;+14357696040;+819923942441
169,16907713524
170,+33932537708;+491883797084;+61828838478;+33109047196;+16459459430
171,+911649861908;+33047963088;+5579360478161
172,+33675443849;+5571173504639;+490206567641;+911971501136;+813810384428
173,+914771700545;+33965982858;+5580622524298;+912627050501;+493234624106
174,4.96148E+11
175,+914382895283;+61234505811;+11294841738;+499875311776
176,9.17503E+11
177,+499184317835;+913417709965
178,33200081115
179,9.10206E+11
180,+497002113453;+919334918422;+490633635507
181,+5504485474547;+911166595708;+495579054447;+5557489005159
182,+911267620858;+499367448559
183,+817579286790;+14429044618;+14003202597
184,+444600655836;+491253022646
185,+33639916278;+445359386443
186,4.49326E+11
187,4.98858E+11
188,8.16153E+11
189,+61220097833;+817014677018;+819273547875;+914479115193;+815082869648
190,+33196297972;+816789048956
191,+915104921678;+493772960530;+442358274018;+810191805210
192,+61796178782;+61671772331
193,+448598402222;+817463063609
194,+497064170421;+497067544527;+442633624399;+913234936399;+445815677513
195,9.14739E+11
196,+811621183215;+33353802237;+61250155670;+33480274614
197,+61037455695;+33304518039
198,+61646116252;+33524451218;+61245759437;+14182418200
199,+912466561093;+918577495983
200,4.96432E+11
201,+815739967644;+33967999991;+14772726704;+917482906786;+13430983596
202,+5526396297213;+491036309570;+33468785223;+449918561333;+911513224979
203,+448238202210;+61393276192
204,+491501965882;+911145126967;+11068761976;+817129553016;+495284033284
205,+61124935326;+15380296706;+33618660556;+811750804857;+494742861308
206,+19252140179;+61600416125
207,+61511580007;+446927143102;+490053762812;+61955304828;+5552775603088
208,+815118617791;+12255573106;+816912590833
209,+14743942805;+15746454996;+447614685210
210,61802818448
211,8.14476E+11
212,+494130837860;+61114486388;+919992502627
213,4.44109E+11
214,+33142263466;+446912896705;+448824825633;+491103036288;+918642292928
215,+444731276834;+5505125310688;+813967367341;+33871114332;+17119461454
216,+33171624885;+33788211468
217,+810425470013;+19252888918;+813164931295;+12317497383;+12856207399
218,+814534789288;+33126080220;+497561840503;+442082886849;+910804198000
219,+811653644689;+443774445519;+810523539041;+19179082147;+813127439269
220,+5554870586464;+14580943494
221,+447472116339;+813526329773;+813776891033;+33621747044
222,+15916063729;+497613472427;+33072488216
223,+61192765178;+33513348903;+61241625954
224,+499661243874;+446924143824;+33501574768
225,33036532377
226,+811897446954;+16551723100;+493368382587;+498413751518;+61317813358
227,+13729451410;+492375022067;+445433049066;+5505426524360
228,+13433733762;+818271337497
229,16173170776
230,+5542564710810;+910841733898;+919382545025
231,+61349880096;+914952025752;+16867107946;+446374576370
232,+441084131536;+61425792423;+17435941784;+5579414389767;+61409285937
233,4.49829E+11
234,+440572444199;+819900042416;+817785587175;+61122748288;+61874012125
235,+33013317395;+10406774130;+810252222546;+17608865534
236,+443050088177;+449492271188
237,+5530656832423;+33030883863;+33022081417;+492824352352;+499930121328
238,+33542437606;+490627279722;+14041056061
239,+915718271375;+33417066755;+33832293740;+16999214026;+33355464480
240,4.41013E+11
241,+914020332248;+493035621797
242,+915592163512;+912951984671
243,+911062273496;+811411994191;+33588942575
244,+33371528300;+493822613428;+817557302877;+814718939070
245,+13570594174;+33664894458;+494709501573;+449411672973
246,+61835890738;+816806587060;+11262606521
247,+445020503580;+912913827052;+33561576904;+810841064978;+498549992517
248,4.93526E+11
249,+5547739708987;+61514305572;+440147551942;+13824156779
250,+19565023858;+10091835404
251,+815702125465;+5519262876078
252,+812506057161;+440851951958;+911807601215
253,+16700870792;+61391726383;+440314459208;+19658762404;+61566256943
254,+5565792112961;+5569028134264;+61454121810
255,+911652985052;+915525098838;+812367519296;+18918840761
256,4.43268E+11
257,+442082068554;+14401686618;+5549121899377;+5540361619466;+496513584001
258,+33442344078;+5583870095400;+33423681733;+33462580204;+5589129737690
259,5.59033E+12
260,4.44425E+11
261,+33349520993;+5559850790775;+5526939575641
262,+5588676689504;+33214041749;+912768517157;+61780004764
263,+61239370929;+33839217443;+915620845305;+5548419894685;+61824478473
264,+494101636258;+5586989566038;+5587712835152;+13360252114;+5541104953558
265,+61163169462;+913452207985;+18265896704;+5562599375169
266,+816423484406;+441459823731;+911864748995
267,+33534629428;+492864406536;+812490966925;+61565114231;+442656022077
268,33904371206
269,+491693846335;+448807163348;+819174135670
270,+440168595923;+811850807308;+912250449637;+33936904144
271,+10044394341;+448213535893;+5599888847621;+918098953543;+11571969913
272,+17449611321;+491664787745;+442364099676
273,9.15983E+11
274,+499106041854;+818894355520;+493569316682
275,+441704553869;+815585566750;+18807885472;+11126500527;+918033424229
276,+5598397186909;+813698617863;+17630396869
277,+498499503161;+33106772014
278,+33683022331;+441647754125;+12063532795;+918353356084;+914673653644
279,+494844826264;+17335770173
280,+446531153773;+5571346671240
281,+813757763291;+814198654287;+496900468408
282,+61814229119;+495738195930
283,+449927126432;+5595675297456
284,+815289462611;+494247986912;+61545659945;+5510425171888;+61506168303
285,+449211468731;+492208579946;+818800551425
286,+497064720669;+445104572247;+61788809307;+33762875305;+61077402556
287,+5558910458596;+33029333663;+33825500399;+449670640726;+5581453406942
288,+19559199372;+61587078036;+914574051544
289,16772143077
290,+14843754910;+5576985758106;+495657715614
291,+491391240614;+498072697335;+445451157219;+815732409935;+819530252719
292,+33082643798;+816648089894;+33915912057;+819774364954
293,+5537722338773;+440785195035;+5574957652101
294,+445538038742;+813681677408;+61503119136;+10034092371
295,+446900623299;+491903631748;+17494385777;+915972986569;+12017896407
296,+61940635857;+917017256301;+33972600233;+61361555453
297,+919752659367;+16486161269
298,+497836973018;+445703198034;+499553247630;+61711004137
299,+61730451353;+61668606193
300,+12600690206;+12432620327
301,9.11899E+11
302,+19277451159;+33537005236
303,5.58188E+12
304,+447200446922;+912858684035;+61708702780;+61656170957;+447016551344
305,+5559916207695;+19768580248;+915805174743;+10316799932
306,+5547130989897;+448404939761;+498719793831
307,+443589928049;+496373290321;+811772278142;+12153484564
308,+61961994558;+910191829215
309,4.47585E+11
310,+815456077465;+16303931584;+61412952393
311,+814984319083;+15790223523
312,8.119E+11
313,9.12344E+11
314,+33148602670;+812381725033
315,+13948883466;+61103626721;+61862628619;+10023511914
316,8.1082E+11
317,+15872957048;+33576410450;+5592084811502;+33421377100
318,+33384165234;+33004683961;+815010678004;+61929662947;+811615159314
319,+919663958827;+11464627748;+33009587927;+494945954389
320,+444964474245;+446037476699;+815817951516;+447682157798;+444884604263
321,+495317375721;+817426718042
322,+817296067569;+491802436394;+440295564063;+33373845492;+12170447607
323,+446499155021;+812039309367;+498011812073
324,+449066583073;+12852630621;+819514681084;+61859687958
325,+33190459110;+498235654285;+913250388219
326,+18062905850;+917893356192;+5519709649087;+12009097202;+444707837594
327,+497213210827;+494014901613;+448680373178;+496277176250;+499100409143
328,9.13551E+11
329,+442226805254;+5562397819161
330,+918216074102;+910298032400
331,+12946810004;+914677318897;+818787654501;+33107872693
332,+5524372074686;+5583319036879;+914731262085;+819660270962;+61605900434
333,+5518208322073;+33059986880
334,+441180616234;+13285792081
335,+913958277847;+816002584062;+33106033113;+61391061135
336,+5532678482343;+61348229329
337,+446264838084;+915896684826
338,4.47118E+11
339,+915155572242;+814292979385;+445764825987;+493841454716;+818761215032
340,+61373190126;+5504734379049;+15289930862
341,61843544389
342,33336377902
343,+5582784919790;+497956542195;+61808263653
344,+440904067023;+18164857294
345,+495381438059;+919667799707;+16678456628;+5593807013785
346,+492639885403;+16868634747;+498449010161
347,+16045756790;+917456653023;+61402781186;+33109978792;+810776705731
348,+812777980928;+61523961721;+33674911144;+493179666483
349,+17687609414;+16799757358;+5580732954986;+811167486739;+5575913872917
350,5.55482E+12
351,+442141659110;+448886501826;+447018830104
352,+810748508844;+12108263993;+495057263188;+812765625355;+16290414774
353,+499308495682;+497695779258;+443271253794;+10070821489;+61258741591
354,+5597300082248;+449653862809;+61831778166;+5542999334326;+816060626259
355,4.9519E+11
356,4.44073E+11
357,+61448298584;+5524688062040
358,+33889259755;+912404969822;+448680839589
359,+498300851775;+61700492661;+497455256305;+442586195281;+916091584093
360,33831468602
361,61702079702
362,4.93828E+11
363,+494108734409;+496759565518;+499122444639;+498935159833
364,9.12978E+11
365,+812746264878;+441891739528;+33093595726;+446405329906
366,+912597145453;+813107831720;+13141032896;+442592677373;+443109086181
367,4.94538E+11
368,+61303226799;+33489783456;+5595546718035;+813993961879
369,4.44523E+11
370,4.42072E+11
371,+919438728561;+910328435180
372,+61144124841;+33045897340;+816603698487
373,+490432550995;+5586402921391
374,5.55157E+12
375,+61468952740;+5533508972038;+494425680161;+911997807726
376,4.47323E+11
377,+498013840538;+15043547367;+497429700241;+495223320221;+33279053502
378,4.41135E+11
379,+61595546519;+33350906287;+444638976545;+441392042845
380,+490335122672;+33897283434;+816091117732
381,9.12609E+11
382,+33860991863;+496203481089;+812879571960
383,+499556722367;+814292746613
384,12658349105
385,+5597036710271;+19507171073;+444325823624;+441702225720;+441649816899
386,+440697517290;+818229071403
387,+16039390901;+15238063708;+18379977586
388,+443630098675;+810144557500;+33468843538;+19182055811;+61781247156
389,+17422374297;+916097278628;+17100907884;+61070410346
390,+5515021331064;+442923333907
391,+61235326772;+492334962418;+818470386456;+495772956570;+446681970914
392,4.97438E+11
393,+916841664060;+441854729847;+448089091650;+11784897623;+493003290898
394,+494905762125;+449588957603;+33507201414;+497594410365
395,18934959295
396,+5554016934623;+17924939521;+5555814452252;+913055625609
397,+915582512835;+33307449397
398,5.54106E+12
399,+818044455265;+491719516666;+816517032759;+490418599048
400,+449761013227;+13582209746;+445988648133
401,+910230540345;+33811883023;+33674496165;+812746724251
402,9.18571E+11
403,+811739033822;+33412815022;+812699580356;+14878578916;+817413514920
404,+13222394134;+61408390165;+33638720428;+10360916587
405,33088486196
406,+33977778040;+5525768240404;+61213780585
407,+5582732050512;+33239688509;+813754904726;+918818338501;+33457975493
408,+496818311503;+819056377072
409,+33877179066;+816910399023;+61608179588;+18136287909
410,+61867236376;+61696247827
411,+815361782705;+5597390669696;+918395030590;+13952829709;+61034918886
412,+61643844444;+447922169227;+15063191338;+61922323063;+61734701979
413,+33944885675;+5594868721748;+5574386202080;+818927603537
414,+916993239137;+490937392443;+33686085505;+17814112027
415,+33862466382;+33557481935;+813738380908;+14211178793
416,+61958672421;+18007326679;+33750748281;+33724325249;+33373153493
417,+495286807266;+5583114103535;+913479947140;+33517026565;+33841721749
418,+910890732676;+490223261474
419,+18410297288;+813754205598;+12226345664;+33883824788;+494883900430
420,+33804984639;+814823904949
421,+815583667464;+33911875739;+61972472843
422,+61515996908;+12780222979;+5519506822975;+61607802158
423,+5513352573775;+33094875059
424,+33216975609;+5566605889476;+5575533458286;+499557597883;+446827334967
425,+494735078000;+61398256578
426,+918462519034;+33630196900;+441991858139;+61955969291
427,+919311443927;+496241152020;+33022900613;+5503917517007;+33218405347
428,+493933865343;+61212296987;+446864167384;+16007480138
429,+492155368148;+911545021154;+16867273066
430,+5556760419634;+491729951094;+61600694989;+912745220650
431,+492127770454;+61093239393;+61051391725
432,+5533605531185;+819508460967;+446060004068
433,+916772732024;+5575607296938;+18413098454;+33269398048;+492691287890
434,+5529835372824;+819697094945;+492759154688;+496884327173;+440694091286
435,+447723942964;+33574952130;+815520745566;+810782867569;+819644030767
436,+914780739157;+914024013305;+441429023508;+491258788486
437,+61957819158;+18498699460;+911866137827;+812634094519
438,+915987319077;+810944990562
439,+61679197132;+816543746963
440,+911188048846;+33823505623;+817531476707;+5545113287156
441,+913274582456;+5544786670421;+910925869924;+497600441056;+910165230462
442,+61311250371;+12346175977;+16988908406;+917695923694;+449260851257
443,33287189281
444,33926456576
445,+33250688847;+11339226779;+33485090982;+819997158635
446,+13168216275;+5502784909595;+815676498218
447,+5548617940997;+816532568531;+61155868770;+13385256222
448,9.12323E+11
449,+917484371383;+61886953262
450,4.41288E+11
451,+818046563659;+61538469897;+444717460885;+812495653242
452,+10579064848;+496074333836;+499747037617
453,4.4558E+11
454,+449280763533;+33040384343;+442916655161;+912397564111
455,+914713351869;+61236332850;+817845628535
456,4.44022E+11
457,+61209563941;+5546300109205;+496809882535;+16519873567;+493213376073
458,8.19407E+11
459,9.16675E+11
460,4.48267E+11
461,+814487914641;+61970025695;+5500974490266;+33513803760
462,+33277663284;+33803339293;+915653014997
463,61781628362
464,+912518127259;+913145763803;+5549111892117
465,+818630826181;+814566804828;+442879786350;+913945726584;+819297364157
466,+810231318180;+15087307530;+5528421896142;+814246294489;+5568673748696
467,+917270177652;+61832424042;+33337742908
468,+5560733741976;+490255757137;+447788269157;+490233882433;+448736679288
469,+810503782597;+33622734483
470,+813914292178;+5550930439006;+5544379453295
471,+810208344873;+490201429924;+494806796945
472,+499924433331;+33757419045;+918710892333;+917116072356
473,+494228111418;+61718963825
474,+443504896352;+61049687885;+497020043971
475,+814444349424;+449577454118;+61161536763;+810023902463;+5530379122548
476,+917957220196;+18581407144;+5550948695564
477,+5538435872071;+19329614816;+33824101445
478,+449794501923;+15891220449;+13862882125;+493117477156
479,+17455117702;+446416575413
480,+496539944569;+5582982665603;+10248810835;+916235331683;+914537384993
481,+497382053073;+5584529428077;+17270230108
482,33400388850
483,+61746710579;+442937284311;+449356632390;+33705849936
484,+33522325200;+15772143199;+440224279210;+443495381179;+5571119227054
485,8.11539E+11
486,+5561653448615;+918786230659;+61717330843;+913525192587
487,+812135061429;+492885962894
488,+492688963410;+490524840403;+495787633690
489,+817252427060;+5557818180483;+10671612011
490,9.19021E+11
491,+5520755209537;+919706277657;+5523082912699;+33042789126;+19145485436
492,4.97112E+11
493,+61787132666;+61219343815;+61232271182
494,+449973574982;+5570507096487;+811920013534
495,+5537918070303;+5589351631334;+33936164876;+5517147635262
496,+18475202926;+819477830575;+61707253945
497,+5539314582521;+449925556185
498,+10884359628;+441576986588;+5535928913862;+19652195707;+61475175911
499,61139895564
500,+61181495534;+498999575355;+813250732643;+496020359338;+33929800568
501,+10193982543;+33106395024
502,+10263259883;+818870148820;+913824267672
503,+5565433879924;+812925615003;+444228794261
504,+16179586542;+492825586480;+492677677943;+33694577225;+12553273751
505,+61405991881;+818382714698;+33599693577
506,+61679676783;+61645945168
507,+17106774981;+818631264494;+912172005706
508,+33138288158;+446788066442;+499058704062;+61649074235;+33539764296
509,+10816601995;+5574695550747;+5584368556056;+5529885355319
510,+497585127843;+33737762870;+498177211543;+814664262262;+493468739386
511,+33859584715;+496266470519
512,+918666656961;+5530434452620;+5564005748540;+5551139440283
513,4.41809E+11
514,33836261927
515,+910135719526;+5565638720156
516,+445532527234;+919165908130;+33079894654;+33702114526;+443897568671
517,+11346671011;+5580471973931
518,+33598659439;+5534229744675;+16441012172;+446807272296
519,+18997537012;+441440451295;+5566842924409
520,+33362856339;+33890201123;+919517072856;+5528341998580
521,+816890399619;+913230159312;+916026566162;+61370070801
522,+18979025749;+443896866018
523,+443477145422;+61094610661
524,61899529266
525,+817148155699;+913465688164
526,+493665891465;+443999320625;+810233537215;+5555111687503;+912324665420
527,+17928404220;+61213598614;+914543266021
528,+61037751262;+816814000652
529,+14477001783;+494815978002;+817340188929;+814515495330;+443806344932
530,+915457133061;+495392024772;+33472458939;+33967325131;+15062662445
531,+494267257300;+33877692233
532,+14542418987;+17056116725;+61773162691
533,+18790683756;+497858460650
534,5.50885E+12
535,9.13011E+11
536,+919701357955;+911771264514;+917929212691
537,+918015312148;+819663965675;+33004658576;+912902563318
538,+33558066177;+813629162780
539,+817244537766;+33342742895;+61875346141;+499660398711;+499862830156
540,+445639134865;+491540692031;+915904833331;+446924324274
541,19429183385
542,+819918912561;+5541468283198;+5523654840322;+33714809624
543,+816154187657;+33556581242
544,+33411971273;+11032350117
545,+914490558769;+61735531027;+816848978985
546,12342627096
547,+11064992335;+18714471698
548,+33145146041;+449449673100
549,+494369301220;+919968422230;+13832483833;+445105383012
550,+61512505762;+33775777164
551,+499634474173;+495909264951;+5563861198406;+17409587114;+5524633261570
552,+440662613490;+443034650601;+914440248142
553,4.48384E+11
554,+444528792171;+5507932066496
555,+5531348345175;+813495416531;+19131818299;+813530655034;+5534460611126
556,+33493777504;+917408813544;+5523091501101;+5593458581705;+61730574757
557,33583938442
558,+913433448368;+5588819154604;+490732956606;+5540384716872
559,+490896992218;+33268736367;+818855358528
560,+5507058350601;+5534767821393
561,+16067507374;+449425866576;+61779121758;+813499203038;+5526013190114
562,+917925055610;+815601697592
563,+911741070691;+813778777022
564,+498084741174;+11543141053;+14545728049
565,+812060596041;+17471873765
566,17708741463
567,+61180939377;+818971787333;+10247640340;+442843560359;+918303528478
568,+811817008389;+33449136305
569,+33734150340;+495831823278;+5591366726933
570,+815301526762;+61430370029;+914393316355;+917675436058
571,61767550442
572,+440333617522;+496172507731
573,+17354602659;+813390328670;+499216513033;+61683120829;+447184182437
574,+912136422156;+497358233546;+812743955479;+812352833107;+813986615102
575,+441034105633;+5580056306421;+33899536879;+5562542698191;+14325120513
576,+447540567217;+912028293759;+812876093084;+912120684038;+447532589850
577,+61751901186;+442094519535;+61247016406;+445166434377;+813503570264
578,+810461160575;+814492323347;+12325066239;+445862130659;+33689571397
579,+811542205694;+911438291545;+61500197790;+5519514734472
580,17143473035
581,+493038095389;+911513199380;+5507905598801;+5511239355160
582,+5596253170495;+915219304510;+14890903808;+490590734906
583,8.10143E+11
584,+445575601091;+33260622354;+811126383937;+5541179177749;+5558266987599
585,+492176752955;+447210250057;+914734119401;+33200570521;+17950423724
586,+815822990868;+61485279752
587,+915297201702;+444638434814
588,+917535350279;+61270287849
589,33514610763
590,+490746865013;+61810843152;+61328177595;+5547452122388;+61238224293
591,+5558962397589;+17725806517;+914223535607
592,+5593774236638;+914327654897
593,+18685985350;+13752306917
594,+33286788700;+442668885862
595,+61258982521;+11402215949;+15839214270
596,+496662301355;+919120004038;+917948088544
597,+916655800233;+443263002354;+33847272602;+61633068239;+498513213363
598,+816560520097;+445899788421;+496887391640
599,+33028715892;+498829098030
600,+5578014301994;+61156234414;+18598854715
601,+913928608963;+61758062473;+5503968997710;+12517719325;+33051566546
602,+5522826391335;+61932328842;+447253503081;+61011392045
603,+449103065233;+11057972902;+498636043608;+491641514023;+14064653330
604,9.1321E+11
605,+811313122340;+61615371749
606,+18933109573;+812579440749;+33591535119;+812531605373
607,+442035831457;+5535552886768
608,+13288459070;+5570439410651
609,+5501064502135;+811957974759;+33685395027;+447358287901
610,+817530800521;+441558305097
611,+814613684751;+61841002325;+445304692039;+498856670889
612,+5518592688385;+10410381028
613,+497322421598;+5584550592446;+811994354050;+916145342859;+5594360038661
614,+442774695729;+5548178354763;+61780790390;+5504382268966
615,+61474424984;+33275228179;+12588064252;+494402982761
616,+33966014401;+918518459044
617,+12899266608;+5546966433034
618,33838730471
619,+814744176562;+16678423981
620,+817902108911;+446438531001;+33110425664;+61951790589
621,+61678115254;+18736003650;+441967160967;+497271647557;+10764470588
622,+817053894109;+33827132566
623,+443905681665;+16391358990;+61282577016;+33004193769;+810257676367
624,+15521647126;+494769338837;+15709673633;+61202915138
625,+33953319523;+61355785755
626,+33374840098;+811796179203;+61662496012
627,+33288494503;+13996667076;+10165262517;+61234049964
628,+817717391410;+497709192090;+442516401565;+910289327195;+10679060202
629,+33914646437;+61664461561
630,+818403721711;+61906342847
631,+493362157995;+819639430939
632,+440445426544;+33240455298;+912793178509
633,+810879663176;+5593389793715;+61037996162;+5556042330772;+33012206726
634,61345792479
635,4.42825E+11
636,+5568629668930;+61930394959;+11969909073;+819233741832
637,+495304782116;+33019558282;+919051284505;+61347682117
638,+5507214472319;+912724653858;+33278464743
639,5.50159E+12
640,+816680951778;+817645248859
641,+5591057871417;+16559195881;+441976664560
642,+5534247759553;+917901883827;+490386058996
643,+61186709040;+494676925796;+490274219748
644,+33316217214;+12491436994
645,+811581220449;+810249432797;+17079867224;+15302286202;+5501869147204
646,+815314791772;+33519537709;+818062188032;+498397282580;+33376967228
647,+12109004809;+5506606183347;+33449398033
648,+447473351560;+15596789663;+33450273683;+812248268584;+447674684339
649,+33194430834;+495307119746;+496624693666;+494853356932;+33350847080
650,+33084302830;+5548290380492;+491671632361;+33741410311;+815219814547
651,4.94905E+11
652,+12715281860;+33169660140;+5577598932937;+33071450453
653,+910379476210;+916127282252
654,+447185231103;+918231215043;+445094783523;+5590465250829;+441286192529
655,+448270393165;+498431094660;+61023173255
656,+916211021185;+5517063131752
657,+33755597556;+811888293534;+33987254987
658,+16424899059;+16350469192;+33984394003
659,+33832614745;+816283453631;+915307824179;+14111112074
660,+811275620723;+499186586630
661,+61607361936;+61893695778;+61755139807;+5506997977766
662,+916673432756;+490674692521;+916383147900
663,+914068691468;+444226049745;+33258689230;+812173361152
664,8.14672E+11
665,+440763488886;+61592479721;+61470416102
666,33422494280
667,+913058033467;+61430200378;+499958645624
668,9.11505E+11
669,61629339580
670,+33993954134;+19673524328;+911902420950
671,+33319908828;+812474091629;+447110793524;+443411529884;+19394306387
672,+5597774867064;+14838846993;+916672952816;+817878247728
673,+495541181282;+19760375251;+5564160372339
674,+33508639520;+33008062601;+61994795766;+5539040990028
675,+33839600334;+61887284157
676,+496208863901;+33146752332
677,5.54144E+12
678,+5508976914866;+5554933502552;+33320371227;+443624936479
679,+811826298451;+5542895005032
680,+441298193244;+495895502410;+497021289344;+61484296103
681,+816036386239;+492927181704;+818480171241
682,+496441617165;+10211224486;+13554556504;+33840813635;+14428756684
683,9.13672E+11
684,+61080306045;+15970819030;+913891464876
685,4.9928E+11
686,+448429488055;+61897086155;+915176482417;+5532917399159;+914178247289
687,+811794078706;+496408431632;+33510660141;+18395892872
688,+446759062718;+33107122244;+61383101017;+493125077796;+443784664042
689,61868666306
690,+5587271705810;+915563347811
691,+61505340973;+61138704674;+5528934689823;+449280763832
692,+913905874474;+5534579966827
693,+916001660518;+442012600148;+5583736372669;+819576129014;+12061035925
694,+5570134528722;+5532467557060;+818711739355
695,+496490592600;+916092657771;+16184763847;+442673480342;+33922603927
696,+910283942166;+491466946151;+444216496550;+61620291331
697,+918299547804;+811974774542;+441977605745
698,+913931005374;+816200318600;+33502402731;+446827904529
699,4.97066E+11
700,+5509044788747;+33823848101
701,+5534958813957;+499536529049;+442874960396
702,+813220302097;+915676430883;+61210577847;+33538423352
703,33068638898
704,+61311793523;+814687597617
705,+812565355830;+919209304430
706,+916969853749;+5576616439026;+5570479813981;+11151846529;+914750699808
707,+449159733388;+5559363892415;+911983797149;+498128546135
708,+819642093179;+5527209987234;+441957114722;+918593576347
709,+495727062399;+61092903304;+442618647214;+19582191456
710,+490624364643;+913619748154;+5532266285376;+11645960652
711,+16505910379;+813166607922;+818833983271;+495807482725
712,+61812809834;+497235594342;+33843659767;+61377085432;+61162623036
713,+33040807377;+33635579280;+61968134235;+491305572232
714,61573068415
715,+914166897272;+440921974193;+816609868579;+5589606779654;+61266733676
716,+496358928745;+814202703605;+916071584208;+812383529887
717,4.49499E+11
718,+61199854551;+498088810042
719,+447040692271;+17421082235;+814893806620
720,4.91649E+11
721,4.4173E+11
722,+18700295706;+442278782210;+33953536697;+446624187448
723,+813020682046;+919979537683
724,+499308109909;+440728732899;+919818672421;+910095344535
725,9.14519E+11
726,+444344139592;+17532427931;+814694899745
727,+814391310503;+12671087344;+910433340379
728,+493515670860;+16721021384
729,+445658284334;+817648424437
730,+15830190391;+33439638336;+815997235101;+912100919982;+811005335269
731,33544865479
732,+449219948068;+812128750970;+5568437052935
733,+15571792752;+17330440060;+33789754434
734,+493225646572;+5552533399814;+61339918510
735,+497313902969;+491475304818;+61797292762;+443499253441
736,+912986529595;+18988277920;+444115505809;+811595829828
737,+5582289013714;+918176762934
738,61522945873
739,+812477200748;+33822065500
740,+492710600288;+61415483377;+5544222994941
741,+33673102754;+33372974413
742,4.94124E+11
743,+33173181747;+61177157344
744,+910760225076;+33514098443;+449378192400;+448405005177;+816995793600
745,+33503305005;+816330647496;+10696682838
746,+33357102623;+15738037501;+811450033059
747,+497546869337;+445592026823
748,4.9438E+11
749,9.17514E+11
750,+12100172269;+499608211109;+33248607488
751,+61309166712;+911991327094;+445408328994;+444694454747;+810724548750
752,+33723338747;+33137734430;+11591695430;+816361934960;+61849435803
753,+61151063204;+61152448986;+813362332247
754,+819568228229;+17813516368
755,8.12E+11
756,+33899508592;+811427403178;+61688198029;+61542095530;+5519936444171
757,+33404358799;+5554204209798;+447591151309
758,+496766112300;+61362696605
759,+61874363023;+912387903475;+443069800583
760,+811939832117;+492887709169
761,9.15328E+11
762,4.94063E+11
763,+33868042811;+817239482967;+918958609412;+496730879629
764,+61967703987;+14268806242;+813378539155;+444991764918;+61117527862
765,+496987101763;+5547369471024;+490982420859
766,+61252845129;+61251124690;+819800902456;+5539320864248;+61446476589
767,+495084001262;+497511264964
768,+811163630967;+12216653596
769,+12243919038;+494827132274;+446421629865;+445886508243;+33962326684
770,+496337458883;+14989591625;+16282773524
771,+490930894346;+817988840282;+915599157866;+816757514184;+18951538238
772,+491884245317;+33045221553;+918015149213;+448837355701;+10015863227
773,+33947038920;+445775379647;+12911326188;+5597776299750;+442941868034
774,+919433325310;+496346607382;+441309881860
775,18383154808
776,+918990628098;+816091653302
777,+33964179853;+446391778089;+5566530499209;+61815534832;+5517556825467
778,+61885838629;+33623958521;+442853532897;+12610626293
779,+449136038857;+61016856491;+443425578216;+446283692886
780,+447979562137;+443562827946;+33635341124
781,9.10623E+11
782,+5514401552421;+33323021428;+814436978491
783,+816899414601;+5557767504920;+33814858424;+61505813196
784,+816718895296;+449780470784
785,4.43236E+11
786,16570272251
787,4.43383E+11
788,+5531095174700;+61327746880
789,+33897797941;+14153821477;+445652771887
790,+10667379921;+816533807991;+33939421502;+33481021063;+812203836781
791,+5519162353010;+61378264496;+918956368783;+492987664021
792,+5591125698145;+33934942313;+914935810198
793,+61206654064;+15701757384
794,5.51825E+12
795,4.94889E+11
796,+33955597265;+494379507256
797,+12904504985;+5516287769909;+61837299055;+15411088609
798,9.1299E+11
799,+814493248348;+493751900852;+440533607297;+17263701827;+449954139161
800,+494347689403;+812757253056;+61977395526
801,+61771746602;+492761287710;+816758278976
802,+5519844286563;+442068680249;+492655643068
803,8.15482E+11
804,+447311931532;+492729700335;+813207138796;+446348390858;+33037376794
805,4.91962E+11
806,+440646283988;+815762114586
807,+14249295611;+815521606519;+14500689704
808,+61583359919;+444312757357
809,+491472957976;+13709951748;+61448363872
810,+912993793890;+5591594557295;+11485941931
811,+5594441652546;+10459150085
812,+5556718590677;+444936605412;+811655188875
813,+918151214623;+13598435011;+813063265792;+813661612776;+449636923142
814,19400034079
815,+914354368945;+915562229369;+13234207443
816,+5516240238880;+5576565880043
817,+442971762392;+911917415372;+10502431108;+491456224141;+819910353344
818,+5513635476755;+33519823871;+33758632890
819,8.17412E+11
820,+17836602122;+5530786850860;+17749570792
821,4.93653E+11
822,+33929302798;+817678540681;+12457832845;+5532456414543;+61582585574
823,33740491389
824,+496475285988;+449644984371;+494571939157;+11337693635
825,+33514767139;+812148169645
826,61206013263
827,+498950492672;+17735518597;+443964263042;+911875183957;+446032761731
828,33706662103
829,+494930650901;+5571524268732;+5545541506989;+444251572678
830,+442130417654;+497656179570;+61413151861;+61341333791;+33020257015
831,4.47614E+11
832,+446573789511;+447653059269;+5583240589961;+441193810465;+499668953773
833,+5540236351541;+61678933944;+19158643132
834,17910287125
835,+441085569041;+816031988602;+492330141678;+61656889299;+33955619879
836,+5586068202253;+61593481651;+19696448900;+61359195045
837,+442882983208;+61827422023;+447480719424;+914881752093;+33928295183
838,+447841866398;+911957690820;+5513390309544;+448292371149;+16397251667
839,5.5272E+12
840,5.52132E+12
841,+815188059475;+17801837067
842,+33312775107;+33160240241;+493884984426;+495118170565
843,+15448474434;+444043444406
844,+449181635180;+811035291893;+819351556804
845,+18768891775;+5547557778514;+61003302058
846,+492301262538;+910626697828;+912212903729;+440688745438;+818769098147
847,+810707994435;+33669593816;+61833750564;+61880809701
848,+61411778103;+817286066100;+817065012939;+5526773288627
849,+813513588535;+10132840352
850,+5543877029834;+815780253561;+499240542351;+33090571449
851,+493806026616;+33716438205;+11335360316;+61100811318;+446386346805
852,+440744991151;+33644723762;+443950064550;+449170931930
853,+911774427122;+449354384383;+914307881661
854,+5525141199037;+814913965731
855,+12516278628;+5563987937403;+16925492037
856,+812141652533;+13880757805
857,+498847012178;+918127882685;+61554096267;+495657257252
858,+814237926316;+443468704097;+819814995588;+818533742031
859,+918160955021;+33105802636
860,5.59207E+12
861,+499940501505;+813146168869;+443738027769;+5510704335401
862,+33200282208;+5550757574954;+819143064481
863,4.93047E+11
864,+5528195662555;+5548714390393
865,4.94536E+11
866,+5510170504213;+918511180001;+33774909284;+812160674837;+33466005949
867,+913914482699;+33266557141;+911000072835;+915148755149;+815731878470
868,+61180990566;+495551367770;+814819750903;+446702879506;+819988320854
869,+5504095481740;+911287880547;+5564022368948;+33898745920;+810705803400
870,+5505885064083;+910974460652;+914881666113;+5547502547083;+61303435491
871,+912869721506;+33011744872;+490743406279
872,+61467659720;+33011386893;+815637161338;+16848595061;+448305171120
873,+813119465922;+814163983624;+33503307806;+814544315331;+916271994984
874,+61807468927;+61999904383;+61951587586
875,+493731380154;+445136996802;+16360268387;+61249602990;+17328526991
876,19479562071
877,9.17785E+11
878,+811859153375;+5507750791550;+15512306548
879,+817953692398;+33637540073;+913228515429;+33502899802
880,+5548832520798;+917701690629
881,+813301154292;+497188071030;+493265730923;+61912264304
882,9.19253E+11
883,+814619879051;+33618578800;+445554427042
884,5.5451E+12
885,+449999544883;+33729046411;+33289527843
886,+33954885765;+440461845827;+918752128124;+33941318073
887,+5535961556892;+910164496006
888,4.41385E+11
889,+814373877293;+495704373584;+61818058357
890,+814963047161;+498856274678;+33958353201
891,+914997114470;+445937192557
892,+10732756177;+5599558028488;+33410998063;+33220856300
893,+13639177267;+443988090345
894,+491602481553;+61345585879;+494320478761;+492824710114;+492787190642
895,4.9639E+11
896,+910743347102;+33012701317;+33883231261;+449776723010;+33477193016
897,+442868204929;+915325424934;+916543970504;+61212615411
898,+13040105186;+449896658650;+813212758536
899,+496247279613;+498151875062;+5522019403727
900,4.47911E+11
901,+5513085799758;+13269778445
902,+444666755854;+816379109580;+17250354157;+5584466953119
903,+493200538268;+33952402069;+33886293850
904,+33880601677;+33712237686;+910453366110;+5528593928183
905,+819975959760;+443888506531;+919240452084;+14781835430;+5586462727337
906,+493394898569;+61596198243;+815310978912;+495435556244;+5593310844630
907,+61410345689;+33364078672;+33066289609;+817502612685
908,+915552153345;+442086071904;+910791416568;+443418083152;+11996147917
909,+918887841103;+447950282616
910,5.52991E+12
911,9.16023E+11
912,+912598474795;+813347265690;+813254028836;+911796242985;+13946934508
913,+10299943753;+445475802758
914,+497267543884;+33559518824
915,8.14542E+11
916,+12545639955;+499642644579;+914486242119;+495841595668
917,5.50862E+12
918,+499705089620;+919084673597
919,4.92945E+11
920,+819331536228;+810491834231;+61139046597;+61956511510;+5598492264222
921,+917745809845;+33207661446
922,+912867272725;+33920872154;+498189999783;+915002639979
923,61820831231
924,61656647320
925,+5579508178543;+919940989588;+5509435083670
926,+491687957525;+61385523854;+816985014530
927,+911902176157;+15100018011
928,+495669817770;+917396833806;+33955436099;+816797326316;+61654525079
929,+5562250086212;+440965849563;+61523603352;+11847188470
930,+5567418529445;+10331025419;+912044723246;+498269393270
931,4.95674E+11
932,+447073440693;+915785042525;+61111944332;+918677563714
933,61675435475
934,+5595606521915;+492486209936;+5510937975917;+33001706254
935,+814235804668;+448022838281;+5512986343273
936,+816692783918;+5559599673404;+814517904098;+19364708167;+61561318272
937,4.9789E+11
938,+5593337629350;+61569214517;+811404363910
939,+810013380027;+61137040673;+5503000831418
940,+491718653138;+910113201355;+916872384215;+5524261088986
941,5.57995E+12
942,19660864603
943,+33731112924;+811718195387;+442196153226;+61830693119
944,+5523071863234;+15538054712;+440752525501;+444215598956
945,+33634738624;+12977742779;+497831757593;+915438419706
946,+33070289904;+490869630859;+11025737468;+33738720095
947,+18405316656;+910026528448;+5577090435047;+61232616143
948,+818006042790;+5545611631870
949,+448256080537;+61741129023;+14390963755;+811263696723;+816470384500
950,+445712806029;+819169999594;+33484863944;+441183335176;+19073425108
951,+33057986178;+61493927955;+499716324981;+441630441346
952,+819433281755;+499464960495;+447519561444
953,4.49187E+11
954,33301710285
955,+443035422432;+912030950021
956,+5523704243630;+447079824432;+33623586569;+33174742129;+61255842526
957,+33962848548;+499699688479;+911766264886;+33747438828
958,+33283522669;+445291566704;+61303009165;+912354701935;+5519357946276
959,+910569362394;+61272039437;+33128094298;+17813710468;+445655773922
960,+491956814670;+12566164910
961,+33736700642;+442012893170;+19749141674;+494794296318;+494447115444
962,+492577152288;+494662997680;+815467487493
963,+61814969148;+33008021269;+33769513239;+914411909648
964,+19273143017;+33676458314;+33561225962;+12010404594
965,5.53988E+12
966,+17935522485;+493416752764;+913568002423;+33718375821
967,+61795517116;+444585076699;+494220077529;+33384579110;+915961815673
968,+447397625294;+33909407119;+61246504863;+33776872338
969,+917142395662;+61144005192;+442858934976;+19203587837
970,+491186105816;+13894520433;+816177425193;+5533256563447;+815714200852
971,+445304934305;+494628697719;+61932375138;+33783295405
972,+440272853799;+816383353959
973,+919100340214;+61124093770;+814451137824
974,+449148473819;+5586552150493;+5529924862891;+5524970823212;+811233164933
975,+919660557611;+499002130710;+441909336221;+447782750426;+446942577095
976,+61108392942;+61418976152
977,61043903612
978,+911791748965;+499862823365
979,+14305110214;+816573180980
980,+33751724292;+16546057224
981,+449494058321;+61506602375;+61807755400;+497646484078;+10544367639
982,+33358608849;+914739884063
983,18844658173
984,+61294655454;+10831010984;+812079874574;+5542859236881
985,4.48997E+11
986,+816692967133;+449729596342;+493274638888;+61948585372
987,+490660225179;+815635490562;+912049996603;+444396517531
988,+10454691255;+13834272825
989,+61643290083;+443088722133
990,+61036895462;+493856916434
991,+18766177715;+61271827154;+61751287738
992,5.52607E+12
993,+918336313937;+912225664121;+448384996480;+33437796725;+813138960841
994,+5523433541045;+910916338957;+33416840217;+33017594186;+5557861359564
995,4.4188E+11
996,+913933721094;+446405723241;+919467746824
997,+912217697856;+18529254991;+910497663697
998,+61317971281;+33387834137;+14963556357
999,+448325233698;+919894958111;+5556401922152;+5521452626193
1000,+447218826688;+5567296959124
